  Year,   Mon,   Day,   HRU,              Precip,               Irrig,                Seep,                 PET,                  ET,               WeirH,              Wtrdep,               WeirQ,                  SW,              Sedcon,              SedYld,              NO3Con,              NO3Yld,                 LAI,                 SALT
  2010,     1,     1,    44,                 0.0,                 0.0,                 0.0,                 0.2,                 0.1,                 0.0,                 0.0,                 0.0,                 0.1,                 0.0,                 0.0,                 0.0,                 0.0,                 0.0,                 0.0,
  2010,     1,     1,    45,                 0.0,                 0.0,                 0.0,                 0.2,                 0.1,                 0.0,                 0.0,                 0.0,                 0.1,                 0.0,                 0.0,                 0.0,                 0.0,                 0.0,                 0.0,
  2010,     1,     1,    46,                 0.0,                 0.0,                 0.0,                 0.2,                 0.1,                 0.0,                 0.0,                 0.0,                 0.1,                 0.0,                 0.0,                 0.0,                 0.0,                 0.0,                 0.0,
  2010,     1,     1,    47,                 0.0,                 0.0,                 0.0,                 0.2,                 0.1,                 0.0,                 0.0,                 0.0,                 0.1,                 0.0,                 0.0,                 0.0,                 0.0,                 0.0,                 0.0,
  2010,     1,     1,    48,                 0.0,                 0.0,                 0.0,                 0.2,                 0.1,                 0.0,                 0.0,                 0.0,                 0.1,                 0.0,                 0.0,                 0.0,                 0.0,                 0.0,                 0.0,
  2010,     1,     1,    49,                 0.0,                 0.0,                 0.0,                 0.2,                 0.1,                 0.0,                 0.0,                 0.0,                 0.0,                 0.0,                 0.0,                 0.0,                 0.0,                 0.0,                 0.0,
  2010,     1,     1,    50,                 0.0,                 0.0,                 0.0,                 0.2,                 0.1,                 0.0,                 0.0,                 0.0,                 0.0,                 0.0,                 0.0,                 0.0,                 0.0,                 0.0,                 0.0,
  2010,     1,     1,    51,                 0.0,                 0.0,                 0.0,                 0.2,                 0.1,                 0.0,                 0.0,                 0.0,                 0.0,                 0.0,                 0.0,                 0.0,                 0.0,                 0.0,                 0.0,
  2010,     1,     1,    74,                 0.0,                 0.0,                 0.0,                 0.2,                 0.1,                 0.0,                 0.0,                 0.0,                 0.1,                 0.0,                 0.0,                 0.0,                 0.0,                 0.0,                 0.0,
  2010,     1,     1,    75,                 0.0,                 0.0,                 0.0,                 0.2,                 0.1,                 0.0,                 0.0,                 0.0,                 0.1,                 0.0,                 0.0,                 0.0,                 0.0,                 0.0,                 0.0,
  2010,     1,     1,    76,                 0.0,                 0.0,                 0.0,                 0.2,                 0.1,                 0.0,                 0.0,                 0.0,                 0.1,                 0.0,                 0.0,                 0.0,                 0.0,                 0.0,                 0.0,
  2010,     1,     1,    77,                 0.0,                 0.0,                 0.0,                 0.2,                 0.1,                 0.0,                 0.0,                 0.0,                 0.0,                 0.0,                 0.0,                 0.0,                 0.0,                 0.0,                 0.0,
  2010,     1,     1,    78,                 0.0,                 0.0,                 0.0,                 0.2,                 0.1,                 0.0,                 0.0,                 0.0,                 0.0,                 0.0,                 0.0,                 0.0,                 0.0,                 0.0,                 0.0,
  2010,     1,     1,    79,                 0.0,                 0.0,                 0.0,                 0.2,                 0.1,                 0.0,                 0.0,                 0.0,                 0.0,                 0.0,                 0.0,                 0.0,                 0.0,                 0.0,                 0.0,
  2010,     1,     1,   108,                 0.0,                 0.0,                 0.0,                 0.2,                 0.1,                 0.0,                 0.0,                 0.0,                 0.1,                 0.0,                 0.0,                 0.0,                 0.0,                 0.0,                 0.0,
  2010,     1,     1,   109,                 0.0,                 0.0,                 0.0,                 0.2,                 0.1,                 0.0,                 0.0,                 0.0,                 0.1,                 0.0,                 0.0,                 0.0,                 0.0,                 0.0,                 0.0,
  2010,     1,     1,   110,                 0.0,                 0.0,                 0.0,                 0.2,                 0.1,                 0.0,                 0.0,                 0.0,                 0.1,                 0.0,                 0.0,                 0.0,                 0.0,                 0.0,                 0.0,
  2010,     1,     1,   111,                 0.0,                 0.0,                 0.0,                 0.2,                 0.1,                 0.0,                 0.0,                 0.0,                 0.1,                 0.0,                 0.0,                 0.0,                 0.0,                 0.0,                 0.0,
  2010,     1,     1,   112,                 0.0,                 0.0,                 0.0,                 0.2,                 0.1,                 0.0,                 0.0,                 0.0,                 0.1,                 0.0,                 0.0,                 0.0,                 0.0,                 0.0,                 0.0,
  2010,     1,     1,   113,                 0.0,                 0.0,                 0.0,                 0.2,                 0.1,                 0.0,                 0.0,                 0.0,                 0.0,                 0.0,                 0.0,                 0.0,                 0.0,                 0.0,                 0.0,
  2010,     1,     1,   114,                 0.0,                 0.0,                 0.0,                 0.2,                 0.1,                 0.0,                 0.0,                 0.0,                 0.0,                 0.0,                 0.0,                 0.0,                 0.0,                 0.0,                 0.0,
  2010,     1,     1,   234,                 0.0,                 0.0,                 0.0,                 0.2,                 0.1,                 0.0,                 0.0,                 0.0,                 0.1,                 0.0,                 0.0,                 0.0,                 0.0,                 0.0,                 0.0,
  2010,     1,     1,   235,                 0.0,                 0.0,                 0.0,                 0.2,                 0.1,                 0.0,                 0.0,                 0.0,                 0.1,                 0.0,                 0.0,                 0.0,                 0.0,                 0.0,                 0.0,
  2010,     1,     1,   236,                 0.0,                 0.0,                 0.0,                 0.2,                 0.1,                 0.0,                 0.0,                 0.0,                 0.1,                 0.0,                 0.0,                 0.0,                 0.0,                 0.0,                 0.0,
  2010,     1,     1,   237,                 0.0,                 0.0,                 0.0,                 0.2,                 0.1,                 0.0,                 0.0,                 0.0,                 0.1,                 0.0,                 0.0,                 0.0,                 0.0,                 0.0,                 0.0,
  2010,     1,     1,   238,                 0.0,                 0.0,                 0.0,                 0.2,                 0.1,                 0.0,                 0.0,                 0.0,                 0.1,                 0.0,                 0.0,                 0.0,                 0.0,                 0.0,                 0.0,
  2010,     1,     1,   239,                 0.0,                 0.0,                 0.0,                 0.2,                 0.1,                 0.0,                 0.0,                 0.0,                 0.1,                 0.0,                 0.0,                 0.0,                 0.0,                 0.0,                 0.0,
  2010,     1,     1,   240,                 0.0,                 0.0,                 0.0,                 0.2,                 0.1,                 0.0,                 0.0,                 0.0,                 0.0,                 0.0,                 0.0,                 0.0,                 0.0,                 0.0,                 0.0,
  2010,     1,     1,   241,                 0.0,                 0.0,                 0.0,                 0.2,                 0.1,                 0.0,                 0.0,                 0.0,                 0.0,                 0.0,                 0.0,                 0.0,                 0.0,                 0.0,                 0.0,
  2010,     1,     1,   242,                 0.0,                 0.0,                 0.0,                 0.2,                 0.0,                 0.0,                 0.0,                 0.0,                 0.0,                 0.0,                 0.0,                 0.0,                 0.0,                 0.0,                 0.0,
  2010,     1,     1,   243,                 0.0,                 0.0,                 0.0,                 0.2,                 0.0,                 0.0,                 0.0,                 0.0,                 0.0,                 0.0,                 0.0,                 0.0,                 0.0,                 0.0,                 0.0,
  2010,     1,     1,   244,                 0.0,                 0.0,                 0.0,                 0.2,                 0.1,                 0.0,                 0.0,                 0.0,                 0.0,                 0.0,                 0.0,                 0.0,                 0.0,                 0.0,                 0.0,
  2010,     1,     1,   245,                 0.0,                 0.0,                 0.0,                 0.2,                 0.1,                 0.0,                 0.0,                 0.0,                 0.0,                 0.0,                 0.0,                 0.0,                 0.0,                 0.0,                 0.0,
  2010,     1,     1,   321,                 0.0,                 0.0,                 0.0,                 0.2,                 0.0,                 0.0,                 0.0,                 0.0,                 0.0,                 0.0,                 0.0,                 0.0,                 0.0,                 0.0,                 0.0,
  2010,     1,     1,   322,                 0.0,                 0.0,                 0.0,                 0.2,                 0.0,                 0.0,                 0.0,                 0.0,                 0.0,                 0.0,                 0.0,                 0.0,                 0.0,                 0.0,                 0.0,
  2010,     1,     1,   323,                 0.0,                 0.0,                 0.0,                 0.2,                 0.1,                 0.0,                 0.0,                 0.0,                 0.0,                 0.0,                 0.0,                 0.0,                 0.0,                 0.0,                 0.0,
  2010,     1,     1,   324,                 0.0,                 0.0,                 0.0,                 0.2,                 0.1,                 0.0,                 0.0,                 0.0,                 0.0,                 0.0,                 0.0,                 0.0,                 0.0,                 0.0,                 0.0,
  2010,     1,     1,   325,                 0.0,                 0.0,                 0.0,                 0.2,                 0.1,                 0.0,                 0.0,                 0.0,                 0.0,                 0.0,                 0.0,                 0.0,                 0.0,                 0.0,                 0.0,
  2010,     1,     1,   326,                 0.0,                 0.0,                 0.0,                 0.2,                 0.1,                 0.0,                 0.0,                 0.0,                 0.0,                 0.0,                 0.0,                 0.0,                 0.0,                 0.0,                 0.0,
  2010,     1,     1,   327,                 0.0,                 0.0,                 0.0,                 0.2,                 0.0,                 0.0,                 0.0,                 0.0,                 0.0,                 0.0,                 0.0,                 0.0,                 0.0,                 0.0,                 0.0,
  2010,     1,     1,   328,                 0.0,                 0.0,                 0.0,                 0.2,                 0.0,                 0.0,                 0.0,                 0.0,                 0.0,                 0.0,                 0.0,                 0.0,                 0.0,                 0.0,                 0.0,
  2010,     1,     1,   329,                 0.0,                 0.0,                 0.0,                 0.2,                 0.0,                 0.0,                 0.0,                 0.0,                 0.0,                 0.0,                 0.0,                 0.0,                 0.0,                 0.0,                 0.0,
  2010,     1,     1,   330,                 0.0,                 0.0,                 0.0,                 0.2,                 0.1,                 0.0,                 0.0,                 0.0,                 0.3,                 0.0,                 0.0,                 0.0,                 0.0,                 0.0,                 0.0,
  2010,     1,     1,   331,                 0.0,                 0.0,                 0.0,                 0.2,                 0.1,                 0.0,                 0.0,                 0.0,                 0.3,                 0.0,                 0.0,                 0.0,                 0.0,                 0.0,                 0.0,
  2010,     1,     1,   332,                 0.0,                 0.0,                 0.0,                 0.2,                 0.1,                 0.0,                 0.0,                 0.0,                 0.3,                 0.0,                 0.0,                 0.0,                 0.0,                 0.0,                 0.0,
  2010,     1,     1,   333,                 0.0,                 0.0,                 0.0,                 0.2,                 0.1,                 0.0,                 0.0,                 0.0,                 0.1,                 0.0,                 0.0,                 0.0,                 0.0,                 0.0,                 0.0,
  2010,     1,     1,   334,                 0.0,                 0.0,                 0.0,                 0.2,                 0.1,                 0.0,                 0.0,                 0.0,                 0.1,                 0.0,                 0.0,                 0.0,                 0.0,                 0.0,                 0.0,
  2010,     1,     1,   335,                 0.0,                 0.0,                 0.0,                 0.2,                 0.1,                 0.0,                 0.0,                 0.0,                 0.1,                 0.0,                 0.0,                 0.0,                 0.0,                 0.0,                 0.0,
  2010,     1,     1,   336,                 0.0,                 0.0,                 0.0,                 0.2,                 0.1,                 0.0,                 0.0,                 0.0,                 0.1,                 0.0,                 0.0,                 0.0,                 0.0,                 0.0,                 0.0,
  2010,     1,     1,   337,                 0.0,                 0.0,                 0.0,                 0.2,                 0.1,                 0.0,                 0.0,                 0.0,                 0.1,                 0.0,                 0.0,                 0.0,                 0.0,                 0.0,                 0.0,
  2010,     1,     1,   338,                 0.0,                 0.0,                 0.0,                 0.2,                 0.1,                 0.0,                 0.0,                 0.0,                 0.1,                 0.0,                 0.0,                 0.0,                 0.0,                 0.0,                 0.0,
  2010,     1,     1,   339,                 0.0,                 0.0,                 0.0,                 0.2,                 0.0,                 0.0,                 0.0,                 0.0,                 0.1,                 0.0,                 0.0,                 0.0,                 0.0,                 0.0,                 0.0,
  2010,     1,     1,   340,                 0.0,                 0.0,                 0.0,                 0.2,                 0.0,                 0.0,                 0.0,                 0.0,                 0.1,                 0.0,                 0.0,                 0.0,                 0.0,                 0.0,                 0.0,
  2010,     1,     1,   341,                 0.0,                 0.0,                 0.0,                 0.2,                 0.0,                 0.0,                 0.0,                 0.0,                 0.1,                 0.0,                 0.0,                 0.0,                 0.0,                 0.0,                 0.0,
  2010,     1,     1,   480,                 0.0,                 0.0,                 0.0,                 0.2,                 0.1,                 0.0,                 0.0,                 0.0,                 0.0,                 0.0,                 0.0,                 0.0,                 0.0,                 0.0,                 0.0,
  2010,     1,     1,   481,                 0.0,                 0.0,                 0.0,                 0.2,                 0.1,                 0.0,                 0.0,                 0.0,                 0.0,                 0.0,                 0.0,                 0.0,                 0.0,                 0.0,                 0.0,
  2010,     1,     1,   482,                 0.0,                 0.0,                 0.0,                 0.2,                 0.1,                 0.0,                 0.0,                 0.0,                 0.0,                 0.0,                 0.0,                 0.0,                 0.0,                 0.0,                 0.0,
  2010,     1,     1,   483,                 0.0,                 0.0,                 0.0,                 0.2,                 0.1,                 0.0,                 0.0,                 0.0,                 0.0,                 0.0,                 0.0,                 0.0,                 0.0,                 0.0,                 0.0,
  2010,     1,     1,   484,                 0.0,                 0.0,                 0.0,                 0.2,                 0.1,                 0.0,                 0.0,                 0.0,                 0.0,                 0.0,                 0.0,                 0.0,                 0.0,                 0.0,                 0.0,
  2010,     1,     1,   485,                 0.0,                 0.0,                 0.0,                 0.2,                 0.1,                 0.0,                 0.0,                 0.0,                 0.1,                 0.0,                 0.0,                 0.0,                 0.0,                 0.0,                 0.0,
  2010,     1,     1,   486,                 0.0,                 0.0,                 0.0,                 0.2,                 0.1,                 0.0,                 0.0,                 0.0,                 0.1,                 0.0,                 0.0,                 0.0,                 0.0,                 0.0,                 0.0,
  2010,     1,     1,   487,                 0.0,                 0.0,                 0.0,                 0.2,                 0.1,                 0.0,                 0.0,                 0.0,                 0.1,                 0.0,                 0.0,                 0.0,                 0.0,                 0.0,                 0.0,
  2010,     1,     1,   488,                 0.0,                 0.0,                 0.0,                 0.2,                 0.0,                 0.0,                 0.0,                 0.0,                 0.1,                 0.0,                 0.0,                 0.0,                 0.0,                 0.0,                 0.0,
  2010,     1,     1,   489,                 0.0,                 0.0,                 0.0,                 0.2,                 0.0,                 0.0,                 0.0,                 0.0,                 0.1,                 0.0,                 0.0,                 0.0,                 0.0,                 0.0,                 0.0,
  2010,     1,     1,   490,                 0.0,                 0.0,                 0.0,                 0.2,                 0.0,                 0.0,                 0.0,                 0.0,                 0.1,                 0.0,                 0.0,                 0.0,                 0.0,                 0.0,                 0.0,
  2010,     1,     1,   491,                 0.0,                 0.0,                 0.0,                 0.2,                 0.1,                 0.0,                 0.0,                 0.0,                 0.1,                 0.0,                 0.0,                 0.0,                 0.0,                 0.0,                 0.0,
  2010,     1,     1,   492,                 0.0,                 0.0,                 0.0,                 0.2,                 0.1,                 0.0,                 0.0,                 0.0,                 0.1,                 0.0,                 0.0,                 0.0,                 0.0,                 0.0,                 0.0,
  2010,     1,     1,   493,                 0.0,                 0.0,                 0.0,                 0.2,                 0.1,                 0.0,                 0.0,                 0.0,                 0.1,                 0.0,                 0.0,                 0.0,                 0.0,                 0.0,                 0.0,
  2010,     1,     1,   494,                 0.0,                 0.0,                 0.0,                 0.2,                 0.1,                 0.0,                 0.0,                 0.0,                 0.1,                 0.0,                 0.0,                 0.0,                 0.0,                 0.0,                 0.0,
  2010,     1,     1,   495,                 0.0,                 0.0,                 0.0,                 0.2,                 0.1,                 0.0,                 0.0,                 0.0,                 0.1,                 0.0,                 0.0,                 0.0,                 0.0,                 0.0,                 0.0,
  2010,     1,     1,   496,                 0.0,                 0.0,                 0.0,                 0.2,                 0.1,                 0.0,                 0.0,                 0.0,                 0.1,                 0.0,                 0.0,                 0.0,                 0.0,                 0.0,                 0.0,
  2010,     1,     1,   497,                 0.0,                 0.0,                 0.0,                 0.2,                 0.1,                 0.0,                 0.0,                 0.0,                 0.1,                 0.0,                 0.0,                 0.0,                 0.0,                 0.0,                 0.0,
  2010,     1,     1,   498,                 0.0,                 0.0,                 0.0,                 0.2,                 0.1,                 0.0,                 0.0,                 0.0,                 0.1,                 0.0,                 0.0,                 0.0,                 0.0,                 0.0,                 0.0,
  2010,     1,     1,   499,                 0.0,                 0.0,                 0.0,                 0.2,                 0.1,                 0.0,                 0.0,                 0.0,                 0.1,                 0.0,                 0.0,                 0.0,                 0.0,                 0.0,                 0.0,
  2010,     1,     1,   562,                 0.0,                 0.0,                 0.0,                 0.2,                 0.1,                 0.0,                 0.0,                 0.0,                 0.0,                 0.0,                 0.0,                 0.0,                 0.0,                 0.0,                 0.0,
  2010,     1,     1,   563,                 0.0,                 0.0,                 0.0,                 0.2,                 0.1,                 0.0,                 0.0,                 0.0,                 0.0,                 0.0,                 0.0,                 0.0,                 0.0,                 0.0,                 0.0,
  2010,     1,     1,   564,                 0.0,                 0.0,                 0.0,                 0.2,                 0.1,                 0.0,                 0.0,                 0.0,                 0.1,                 0.0,                 0.0,                 0.0,                 0.0,                 0.0,                 0.0,
  2010,     1,     1,   565,                 0.0,                 0.0,                 0.0,                 0.2,                 0.1,                 0.0,                 0.0,                 0.0,                 0.1,                 0.0,                 0.0,                 0.0,                 0.0,                 0.0,                 0.0,
  2010,     1,     1,   566,                 0.0,                 0.0,                 0.0,                 0.2,                 0.1,                 0.0,                 0.0,                 0.0,                 0.1,                 0.0,                 0.0,                 0.0,                 0.0,                 0.0,                 0.0,
  2010,     1,     1,   567,                 0.0,                 0.0,                 0.0,                 0.2,                 0.1,                 0.0,                 0.0,                 0.0,                 0.1,                 0.0,                 0.0,                 0.0,                 0.0,                 0.0,                 0.0,
  2010,     1,     1,   568,                 0.0,                 0.0,                 0.0,                 0.2,                 0.1,                 0.0,                 0.0,                 0.0,                 0.1,                 0.0,                 0.0,                 0.0,                 0.0,                 0.0,                 0.0,
  2010,     1,     1,   569,                 0.0,                 0.0,                 0.0,                 0.2,                 0.1,                 0.0,                 0.0,                 0.0,                 0.0,                 0.0,                 0.0,                 0.0,                 0.0,                 0.0,                 0.0,
  2010,     1,     1,   570,                 0.0,                 0.0,                 0.0,                 0.2,                 0.1,                 0.0,                 0.0,                 0.0,                 0.0,                 0.0,                 0.0,                 0.0,                 0.0,                 0.0,                 0.0,
  2010,     1,     1,   571,                 0.0,                 0.0,                 0.0,                 0.2,                 0.1,                 0.0,                 0.0,                 0.0,                 0.0,                 0.0,                 0.0,                 0.0,                 0.0,                 0.0,                 0.0,
  2010,     1,     1,   572,                 0.0,                 0.0,                 0.0,                 0.2,                 0.0,                 0.0,                 0.0,                 0.0,                 0.1,                 0.0,                 0.0,                 0.0,                 0.0,                 0.0,                 0.0,
  2010,     1,     1,   573,                 0.0,                 0.0,                 0.0,                 0.2,                 0.0,                 0.0,                 0.0,                 0.0,                 0.1,                 0.0,                 0.0,                 0.0,                 0.0,                 0.0,                 0.0,
  2010,     1,     1,   696,                 0.0,                 0.0,                 0.0,                 0.2,                 0.1,                 0.0,                 0.0,                 0.0,                 0.1,                 0.0,                 0.0,                 0.0,                 0.0,                 0.0,                 0.0,
  2010,     1,     1,   697,                 0.0,                 0.0,                 0.0,                 0.2,                 0.1,                 0.0,                 0.0,                 0.0,                 0.1,                 0.0,                 0.0,                 0.0,                 0.0,                 0.0,                 0.0,
  2010,     1,     1,   698,                 0.0,                 0.0,                 0.0,                 0.2,                 0.1,                 0.0,                 0.0,                 0.0,                 0.3,                 0.0,                 0.0,                 0.0,                 0.0,                 0.0,                 0.0,
  2010,     1,     1,   699,                 0.0,                 0.0,                 0.0,                 0.2,                 0.1,                 0.0,                 0.0,                 0.0,                 0.0,                 0.0,                 0.0,                 0.0,                 0.0,                 0.0,                 0.0,
  2010,     1,     1,   700,                 0.0,                 0.0,                 0.0,                 0.2,                 0.1,                 0.0,                 0.0,                 0.0,                 0.3,                 0.0,                 0.0,                 0.0,                 0.0,                 0.0,                 0.0,
  2010,     1,     1,   701,                 0.0,                 0.0,                 0.0,                 0.2,                 0.1,                 0.0,                 0.0,                 0.0,                 0.3,                 0.0,                 0.0,                 0.0,                 0.0,                 0.0,                 0.0,
  2010,     1,     1,   702,                 0.0,                 0.0,                 0.0,                 0.2,                 0.1,                 0.0,                 0.0,                 0.0,                 0.1,                 0.0,                 0.0,                 0.0,                 0.0,                 0.0,                 0.0,
  2010,     1,     1,   703,                 0.0,                 0.0,                 0.0,                 0.2,                 0.1,                 0.0,                 0.0,                 0.0,                 0.1,                 0.0,                 0.0,                 0.0,                 0.0,                 0.0,                 0.0,
  2010,     1,     1,   704,                 0.0,                 0.0,                 0.0,                 0.2,                 0.1,                 0.0,                 0.0,                 0.0,                 0.1,                 0.0,                 0.0,                 0.0,                 0.0,                 0.0,                 0.0,
  2010,     1,     1,   705,                 0.0,                 0.0,                 0.0,                 0.2,                 0.0,                 0.0,                 0.0,                 0.0,                 0.0,                 0.0,                 0.0,                 0.0,                 0.0,                 0.0,                 0.0,
  2010,     1,     1,   706,                 0.0,                 0.0,                 0.0,                 0.2,                 0.1,                 0.0,                 0.0,                 0.0,                 0.1,                 0.0,                 0.0,                 0.0,                 0.0,                 0.0,                 0.0,
  2010,     1,     1,   707,                 0.0,                 0.0,                 0.0,                 0.2,                 0.1,                 0.0,                 0.0,                 0.0,                 0.1,                 0.0,                 0.0,                 0.0,                 0.0,                 0.0,                 0.0,
  2010,     1,     1,   708,                 0.0,                 0.0,                 0.0,                 0.2,                 0.1,                 0.0,                 0.0,                 0.0,                 0.1,                 0.0,                 0.0,                 0.0,                 0.0,                 0.0,                 0.0,
  2010,     1,     1,   709,                 0.0,                 0.0,                 0.0,                 0.2,                 0.0,                 0.0,                 0.0,                 0.0,                 0.1,                 0.0,                 0.0,                 0.0,                 0.0,                 0.0,                 0.0,
  2010,     1,     1,   710,                 0.0,                 0.0,                 0.0,                 0.2,                 0.0,                 0.0,                 0.0,                 0.0,                 0.1,                 0.0,                 0.0,                 0.0,                 0.0,                 0.0,                 0.0,
  2010,     1,     1,   711,                 0.0,                 0.0,                 0.0,                 0.2,                 0.0,                 0.0,                 0.0,                 0.0,                 0.1,                 0.0,                 0.0,                 0.0,                 0.0,                 0.0,                 0.0,
  2010,     1,     1,   742,                 0.0,                 0.0,                 0.0,                 0.2,                 0.1,                 0.0,                 0.0,                 0.0,                 0.3,                 0.0,                 0.0,                 0.0,                 0.0,                 0.0,                 0.0,
  2010,     1,     1,   743,                 0.0,                 0.0,                 0.0,                 0.2,                 0.1,                 0.0,                 0.0,                 0.0,                 0.3,                 0.0,                 0.0,                 0.0,                 0.0,                 0.0,                 0.0,
  2010,     1,     1,   744,                 0.0,                 0.0,                 0.0,                 0.2,                 0.1,                 0.0,                 0.0,                 0.0,                 0.3,                 0.0,                 0.0,                 0.0,                 0.0,                 0.0,                 0.0,
  2010,     1,     1,   745,                 0.0,                 0.0,                 0.0,                 0.2,                 0.0,                 0.0,                 0.0,                 0.0,                 0.0,                 0.0,                 0.0,                 0.0,                 0.0,                 0.0,                 0.0,
  2010,     1,     1,   746,                 0.0,                 0.0,                 0.0,                 0.2,                 0.1,                 0.0,                 0.0,                 0.0,                 0.1,                 0.0,                 0.0,                 0.0,                 0.0,                 0.0,                 0.0,
  2010,     1,     1,   747,                 0.0,                 0.0,                 0.0,                 0.2,                 0.1,                 0.0,                 0.0,                 0.0,                 0.0,                 0.0,                 0.0,                 0.0,                 0.0,                 0.0,                 0.0,
  2010,     1,     1,   748,                 0.0,                 0.0,                 0.0,                 0.2,                 0.1,                 0.0,                 0.0,                 0.0,                 0.0,                 0.0,                 0.0,                 0.0,                 0.0,                 0.0,                 0.0,
  2010,     1,     1,   749,                 0.0,                 0.0,                 0.0,                 0.2,                 0.0,                 0.0,                 0.0,                 0.0,                 0.4,                 0.0,                 0.0,                 0.0,                 0.0,                 0.0,                 0.0,
  2010,     1,     1,   750,                 0.0,                 0.0,                 0.0,                 0.2,                 0.0,                 0.0,                 0.0,                 0.0,                 0.4,                 0.0,                 0.0,                 0.0,                 0.0,                 0.0,                 0.0,
  2010,     1,     1,   751,                 0.0,                 0.0,                 0.0,                 0.2,                 0.1,                 0.0,                 0.0,                 0.0,                 0.1,                 0.0,                 0.0,                 0.0,                 0.0,                 0.0,                 0.0,
  2010,     1,     1,   752,                 0.0,                 0.0,                 0.0,                 0.2,                 0.1,                 0.0,                 0.0,                 0.0,                 0.1,                 0.0,                 0.0,                 0.0,                 0.0,                 0.0,                 0.0,
  2010,     1,     1,   753,                 0.0,                 0.0,                 0.0,                 0.2,                 0.1,                 0.0,                 0.0,                 0.0,                 0.1,                 0.0,                 0.0,                 0.0,                 0.0,                 0.0,                 0.0,
  2010,     1,     1,   754,                 0.0,                 0.0,                 0.0,                 0.2,                 0.1,                 0.0,                 0.0,                 0.0,                 0.1,                 0.0,                 0.0,                 0.0,                 0.0,                 0.0,                 0.0,
  2010,     1,     1,   879,                 0.0,                 0.0,                 0.0,                 0.2,                 0.1,                 0.0,                 0.0,                 0.0,                 0.0,                 0.0,                 0.0,                 0.0,                 0.0,                 0.0,                 0.0,
  2010,     1,     1,   880,                 0.0,                 0.0,                 0.0,                 0.2,                 0.1,                 0.0,                 0.0,                 0.0,                 0.0,                 0.0,                 0.0,                 0.0,                 0.0,                 0.0,                 0.0,
  2010,     1,     1,   881,                 0.0,                 0.0,                 0.0,                 0.2,                 0.1,                 0.0,                 0.0,                 0.0,                 0.1,                 0.0,                 0.0,                 0.0,                 0.0,                 0.0,                 0.0,
  2010,     1,     1,   882,                 0.0,                 0.0,                 0.0,                 0.2,                 0.1,                 0.0,                 0.0,                 0.0,                 0.1,                 0.0,                 0.0,                 0.0,                 0.0,                 0.0,                 0.0,
  2010,     1,     1,   883,                 0.0,                 0.0,                 0.0,                 0.2,                 0.1,                 0.0,                 0.0,                 0.0,                 0.1,                 0.0,                 0.0,                 0.0,                 0.0,                 0.0,                 0.0,
  2010,     1,     1,   884,                 0.0,                 0.0,                 0.0,                 0.2,                 0.1,                 0.0,                 0.0,                 0.0,                 0.3,                 0.0,                 0.0,                 0.0,                 0.0,                 0.0,                 0.0,
  2010,     1,     1,   885,                 0.0,                 0.0,                 0.0,                 0.2,                 0.0,                 0.0,                 0.0,                 0.0,                 0.0,                 0.0,                 0.0,                 0.0,                 0.0,                 0.0,                 0.0,
  2010,     1,     1,   886,                 0.0,                 0.0,                 0.0,                 0.2,                 0.0,                 0.0,                 0.0,                 0.0,                 0.0,                 0.0,                 0.0,                 0.0,                 0.0,                 0.0,                 0.0,
  2010,     1,     1,   887,                 0.0,                 0.0,                 0.0,                 0.2,                 0.1,                 0.0,                 0.0,                 0.0,                 0.1,                 0.0,                 0.0,                 0.0,                 0.0,                 0.0,                 0.0,
  2010,     1,     1,   888,                 0.0,                 0.0,                 0.0,                 0.2,                 0.1,                 0.0,                 0.0,                 0.0,                 0.1,                 0.0,                 0.0,                 0.0,                 0.0,                 0.0,                 0.0,
  2010,     1,     1,   889,                 0.0,                 0.0,                 0.0,                 0.2,                 0.1,                 0.0,                 0.0,                 0.0,                 0.1,                 0.0,                 0.0,                 0.0,                 0.0,                 0.0,                 0.0,
  2010,     1,     1,   890,                 0.0,                 0.0,                 0.0,                 0.2,                 0.1,                 0.0,                 0.0,                 0.0,                 0.1,                 0.0,                 0.0,                 0.0,                 0.0,                 0.0,                 0.0,
  2010,     1,     1,   891,                 0.0,                 0.0,                 0.0,                 0.2,                 0.1,                 0.0,                 0.0,                 0.0,                 0.1,                 0.0,                 0.0,                 0.0,                 0.0,                 0.0,                 0.0,
  2010,     1,     1,   892,                 0.0,                 0.0,                 0.0,                 0.2,                 0.1,                 0.0,                 0.0,                 0.0,                 0.1,                 0.0,                 0.0,                 0.0,                 0.0,                 0.0,                 0.0,
  2010,     1,     1,   893,                 0.0,                 0.0,                 0.0,                 0.2,                 0.1,                 0.0,                 0.0,                 0.0,                 0.1,                 0.0,                 0.0,                 0.0,                 0.0,                 0.0,                 0.0,
  2010,     1,     1,   894,                 0.0,                 0.0,                 0.0,                 0.2,                 0.1,                 0.0,                 0.0,                 0.0,                 0.1,                 0.0,                 0.0,                 0.0,                 0.0,                 0.0,                 0.0,
  2010,     1,     1,   895,                 0.0,                 0.0,                 0.0,                 0.2,                 0.1,                 0.0,                 0.0,                 0.0,                 0.0,                 0.0,                 0.0,                 0.0,                 0.0,                 0.0,                 0.0,
  2010,     1,     1,   896,                 0.0,                 0.0,                 0.0,                 0.2,                 0.1,                 0.0,                 0.0,                 0.0,                 0.0,                 0.0,                 0.0,                 0.0,                 0.0,                 0.0,                 0.0,
  2010,     1,     1,   897,                 0.0,                 0.0,                 0.0,                 0.2,                 0.1,                 0.0,                 0.0,                 0.0,                 0.0,                 0.0,                 0.0,                 0.0,                 0.0,                 0.0,                 0.0,
  2010,     1,     1,   898,                 0.0,                 0.0,                 0.0,                 0.2,                 0.1,                 0.0,                 0.0,                 0.0,                 0.1,                 0.0,                 0.0,                 0.0,                 0.0,                 0.0,                 0.0,
  2010,     1,     1,   899,                 0.0,                 0.0,                 0.0,                 0.2,                 0.1,                 0.0,                 0.0,                 0.0,                 0.1,                 0.0,                 0.0,                 0.0,                 0.0,                 0.0,                 0.0,
  2010,     1,     1,   985,                 0.0,                 0.0,                 0.0,                 0.2,                 0.1,                 0.0,                 0.0,                 0.0,                 0.3,                 0.0,                 0.0,                 0.0,                 0.0,                 0.0,                 0.0,
  2010,     1,     1,   986,                 0.0,                 0.0,                 0.0,                 0.2,                 0.1,                 0.0,                 0.0,                 0.0,                 0.0,                 0.0,                 0.0,                 0.0,                 0.0,                 0.0,                 0.0,
  2010,     1,     1,   987,                 0.0,                 0.0,                 0.0,                 0.2,                 0.1,                 0.0,                 0.0,                 0.0,                 0.1,                 0.0,                 0.0,                 0.0,                 0.0,                 0.0,                 0.0,
  2010,     1,     1,   988,                 0.0,                 0.0,                 0.0,                 0.2,                 0.1,                 0.0,                 0.0,                 0.0,                 0.1,                 0.0,                 0.0,                 0.0,                 0.0,                 0.0,                 0.0,
  2010,     1,     1,   989,                 0.0,                 0.0,                 0.0,                 0.2,                 0.1,                 0.0,                 0.0,                 0.0,                 0.1,                 0.0,                 0.0,                 0.0,                 0.0,                 0.0,                 0.0,
  2010,     1,     1,   990,                 0.0,                 0.0,                 0.0,                 0.2,                 0.1,                 0.0,                 0.0,                 0.0,                 0.1,                 0.0,                 0.0,                 0.0,                 0.0,                 0.0,                 0.0,
  2010,     1,     1,   991,                 0.0,                 0.0,                 0.0,                 0.2,                 0.1,                 0.0,                 0.0,                 0.0,                 0.1,                 0.0,                 0.0,                 0.0,                 0.0,                 0.0,                 0.0,
  2010,     1,     1,   992,                 0.0,                 0.0,                 0.0,                 0.2,                 0.0,                 0.0,                 0.0,                 0.0,                 0.1,                 0.0,                 0.0,                 0.0,                 0.0,                 0.0,                 0.0,
  2010,     1,     1,   993,                 0.0,                 0.0,                 0.0,                 0.2,                 0.0,                 0.0,                 0.0,                 0.0,                 0.1,                 0.0,                 0.0,                 0.0,                 0.0,                 0.0,                 0.0,
  2010,     1,     1,   994,                 0.0,                 0.0,                 0.0,                 0.2,                 0.0,                 0.0,                 0.0,                 0.0,                 0.1,                 0.0,                 0.0,                 0.0,                 0.0,                 0.0,                 0.0,
  2010,     1,     1,   995,                 0.0,                 0.0,                 0.0,                 0.2,                 0.0,                 0.0,                 0.0,                 0.0,                 0.1,                 0.0,                 0.0,                 0.0,                 0.0,                 0.0,                 0.0,
  2010,     1,     1,   996,                 0.0,                 0.0,                 0.0,                 0.2,                 0.0,                 0.0,                 0.0,                 0.0,                 0.1,                 0.0,                 0.0,                 0.0,                 0.0,                 0.0,                 0.0,
  2010,     1,     1,   997,                 0.0,                 0.0,                 0.0,                 0.2,                 0.1,                 0.0,                 0.0,                 0.0,                 0.0,                 0.0,                 0.0,                 0.0,                 0.0,                 0.0,                 0.0,
  2010,     1,     1,   998,                 0.0,                 0.0,                 0.0,                 0.2,                 0.1,                 0.0,                 0.0,                 0.0,                 0.0,                 0.0,                 0.0,                 0.0,                 0.0,                 0.0,                 0.0,
  2010,     1,     1,   999,                 0.0,                 0.0,                 0.0,                 0.2,                 0.1,                 0.0,                 0.0,                 0.0,                 0.2,                 0.0,                 0.0,                 0.0,                 0.0,                 0.0,                 0.0,
  2010,     1,     1,  1000,                 0.0,                 0.0,                 0.0,                 0.2,                 0.1,                 0.0,                 0.0,                 0.0,                 0.1,                 0.0,                 0.0,                 0.0,                 0.0,                 0.0,                 0.0,
  2010,     1,     1,  1001,                 0.0,                 0.0,                 0.0,                 0.2,                 0.1,                 0.0,                 0.0,                 0.0,                 0.1,                 0.0,                 0.0,                 0.0,                 0.0,                 0.0,                 0.0,
  2010,     1,     1,  1168,                 0.0,                 0.0,                 0.0,                 0.2,                 0.1,                 0.0,                 0.0,                 0.0,                 0.3,                 0.0,                 0.0,                 0.0,                 0.0,                 0.0,                 0.0,
  2010,     1,     1,  1169,                 0.0,                 0.0,                 0.0,                 0.2,                 0.0,                 0.0,                 0.0,                 0.0,                 0.1,                 0.0,                 0.0,                 0.0,                 0.0,                 0.0,                 0.0,
  2010,     1,     1,  1170,                 0.0,                 0.0,                 0.0,                 0.2,                 0.0,                 0.0,                 0.0,                 0.0,                 0.1,                 0.0,                 0.0,                 0.0,                 0.0,                 0.0,                 0.0,
  2010,     1,     1,  1171,                 0.0,                 0.0,                 0.0,                 0.2,                 0.1,                 0.0,                 0.0,                 0.0,                 0.1,                 0.0,                 0.0,                 0.0,                 0.0,                 0.0,                 0.0,
  2010,     1,     1,  1172,                 0.0,                 0.0,                 0.0,                 0.2,                 0.1,                 0.0,                 0.0,                 0.0,                 0.1,                 0.0,                 0.0,                 0.0,                 0.0,                 0.0,                 0.0,
  2010,     1,     1,  1173,                 0.0,                 0.0,                 0.0,                 0.2,                 0.1,                 0.0,                 0.0,                 0.0,                 0.1,                 0.0,                 0.0,                 0.0,                 0.0,                 0.0,                 0.0,
  2010,     1,     1,  1174,                 0.0,                 0.0,                 0.0,                 0.2,                 0.1,                 0.0,                 0.0,                 0.0,                 0.0,                 0.0,                 0.0,                 0.0,                 0.0,                 0.0,                 0.0,
  2010,     1,     1,  1175,                 0.0,                 0.0,                 0.0,                 0.2,                 0.1,                 0.0,                 0.0,                 0.0,                 0.0,                 0.0,                 0.0,                 0.0,                 0.0,                 0.0,                 0.0,
  2010,     1,     1,  1176,                 0.0,                 0.0,                 0.0,                 0.2,                 0.1,                 0.0,                 0.0,                 0.0,                 0.1,                 0.0,                 0.0,                 0.0,                 0.0,                 0.0,                 0.0,
  2010,     1,     1,  1177,                 0.0,                 0.0,                 0.0,                 0.2,                 0.1,                 0.0,                 0.0,                 0.0,                 0.1,                 0.0,                 0.0,                 0.0,                 0.0,                 0.0,                 0.0,
  2010,     1,     1,  1178,                 0.0,                 0.0,                 0.0,                 0.2,                 0.1,                 0.0,                 0.0,                 0.0,                 0.0,                 0.0,                 0.0,                 0.0,                 0.0,                 0.0,                 0.0,
  2010,     1,     1,  1179,                 0.0,                 0.0,                 0.0,                 0.2,                 0.1,                 0.0,                 0.0,                 0.0,                 0.0,                 0.0,                 0.0,                 0.0,                 0.0,                 0.0,                 0.0,
  2010,     1,     1,  1180,                 0.0,                 0.0,                 0.0,                 0.2,                 0.1,                 0.0,                 0.0,                 0.0,                 0.0,                 0.0,                 0.0,                 0.0,                 0.0,                 0.0,                 0.0,
